name,id,link_karma,comment_karma,created_utc
NattyBumppo,32hh5,14538,53729,1200301146.0
AldoTheeApache,oc30k,767299,121808,1435245721.0
IntentionMuch1808,11eegloc2y,852,849,1730964411.0
PotentialMammoth673,e14fiejs,3012,838,1629451358.0
Brix001,215wxtyh,725228,114796,1534869864.0
stubborn_facts,3yel7,23107,1294,1269325481.0
AdolfStiflr,1g0bis9yuy,88099,10419,1735443007.0
az137445,4ygx5xjy,1443,25826,1573019295.0
rahul_joseph,1vnphqab,224552,97769,1532887071.0
BigV95,114vie,13615,33674,1472882158.0
toyfreddym8,43xewq1f,26489,24952,1562604898.0
Goosedukee,r6bxmrfbe,1596186,439190,1704125245.0
Blodgharm,ouhna,1077968,251546,1437074535.0
Danciusly,ve0s0qt,129280,40737,1547049188.0
FatFreeSkimmedMilk,11lm1o,3465,1493,1474587944.0
MikeDavJ,2kppvw2f,25351,4794,1541876193.0
olcni,pqs9cbx2k,15328,5060,1702319686.0
enlahora,y0jc3,601,2183,1463538590.0
naked_space_chimp,c8ry9cit,346,10547,1621562622.0
Beetlejuice3xx,tknay,24215,5278,1452193151.0
i-sapien,givxxoqbx,10616,7702,1690692615.0
FrozenRyan,8rfp3,7750,50931,1345718980.0
DoopersDappers,5onmd5el,1300,12,1594665520.0
iPlug_za,nsrw2ttfu,861,1150,1699866941.0
HappyGav123,8vzt346q,32244,171618,1605481972.0
bigwilddreams,q5v5u9ufj,238,25,1713274432.0
theatlantic,15htj3oj,198086,51281,1523025727.0
Candid-Culture3956,octm3dpf,42736,6860,1654761898.0
apple_kicks,5wds8,946604,932665,1316607180.0
Professional-Rope786,3c1e96my,113,6025,1606612197.0
YesNo_Maybe_,trh6f65v,82942,19602,1666971024.0
AwkwardTickler,dcyoy,30438,89928,1380731196.0
nikamats,d52y2d8j,2668028,27416,1661661565.0
AudibleNod,evw04,2868044,3973958,1390175242.0
Howerev,rjhbo6u2,6909,748,1660654180.0
OccamsComb,2dqi3n5z,17995,10861,1539117973.0
MildlyAmusedPeas,albk1kom,3420,468,1614358662.0
nba,2ip9m,201602,199772,1188080798.0
robval13,ruryxoe,24899,61536,1519703034.0
Edm_vanhalen1981,ux7jre4r,377663,112951,1670815887.0
Pure-Garden-277,yo01jpy6o,6,91,1717283637.0
You-dogwater,t6lbgaju,78916,1654,1670688909.0
Aggravating_Money992,dca49b9y8,714528,105938,1686677782.0
bmgarcia20,4z8x8jo,2325,10275,1498282923.0
Thick-Locksmith-7330,1582h9hlj5,1810,757,1725366399.0
MrMojoFomo,fh42apff3,128145,144021,1689369317.0
mastermind208,aeyg8996,812240,201156,1613572606.0
jawed_tapering653,1pruxkyugj,772,493,1747757988.0
XanIrelia-1,1bxohkt99n,413387,86303,1730306176.0
unlocked79324,m0fob2j4c,5671,-8,1697613092.0
Pirated-Hentai,1ecdj4ng0q,30957,27184,1733343104.0
Nexus_ghoul00,2xwvh1mq,5926,1490,1547123433.0
This_Walrus8288,a3d62v4c,808,1906,1612751228.0
93WhiteStrat,16qoj8,2912,56323,1491200564.0
PusikatFTW,1q5h1tfyfr,7,6,1748234893.0
CrimsonWitchOfficial,1jqt14nllk,8153,3683,1740154590.0
MrUbercactus,2adkube,808,4899,1504113616.0
JustLittleGirl_,1pbdebds5g,154,0,1749323050.0
nuggieman565,mcgpcgt9c,10581,2208,1698453827.0
Stravok182,h8hs6vod,160138,29654,1638677213.0
PradipJayakumar,5cfszo6,865229,152288,1501065273.0
Donogath,6vuhb,6476,83562,1328834987.0
Gplock,10ijal,416681,79933,1471223018.0
OkEscape7558,c7jvrdbts,626118,917963,1685251017.0
douceyasmine,1m2u0l36kp,15,0,1743097901.0
LTRace,6j0n31z0,61976,11148,1589968336.0
exbfandmycat,bfx70bnk,3381,176,1618012173.0
pm_me_your_passw0d,9gfuvwh,281,728,1501920923.0
cubandeathrider,1cohowseg1,59,0,1731245262.0
tifacake,x8b72,4258,1551,1460847793.0
mustaphaibrahim,y8ndh,303,1722,1464309614.0
SpecterK1,aw302jjb,86755,3177,1615668323.0
IronMike260,15wpqnkco0,823,1173,1722705381.0
CSachen,ehwb4,17214,20163,1387903916.0
CDR57,42jdaxpy,9931,122129,1562198598.0
taterbug04,duqjuw7je,1,0,1687324512.0
dr_xenon,11pji7,13130,642725,1475006229.0
teruteru-fan-sam,6qkmanls,387047,47203,1591901012.0
ShipwreckedSketches,1r0h99iz0k,2,1,1749321062.0
BigPepeNumberOne,367psake,22394,37545,1549534999.0
nierlios,3wuxw9u0b,1832,149,1693582161.0
DeathByLilypad,97at9rr3,2316,1183,1607311284.0
katxwoods,6h6wd5oz,848911,36711,1594741945.0
MelonInDisguise,5j841owj,217570,25323,1580066248.0
robby_arctor,vsbv4us2,12827,84739,1675400266.0
kyhvore,acx6o9nr,827,492,1613318488.0
Rock_For_Life,44dxamsz,8553,37996,1562738423.0
GoldenGooner911,1omlmq9u1j,51,31,1746312698.0
Full-Call1570,f2v7eb1n,34174,513,1643646332.0
Few-Wolf,5uelo1dk,417433,2669,1583315100.0
Magn9257,oypm0,45392,3369,1437492826.0
wilbo75771,ksbsr1e,374,371,1517582107.0
The-Tralfamadorian,7roczqg7,2111,128,1597862046.0
Belzher,ldrwg,35375,37900,1424056884.0
Glimpal,atekixnd,5507,26875,1739172082.0
trackandsnow,ulge6,6877,6759,1455050601.0
StalinistBandit,90q6li3,93119,24577,1514315758.0
Gelsunkshi,c4ieoq6s,42967,157533,1620982570.0
Local_Moment_4782,1qzzi2kmv5,1064,3068,1749303795.0
ohhyouknow,6792u,126617,188675,1320712787.0
Practical_Actuary_71,w7kyy6uyy,3184,25,1710594638.0
Whoisrist,f2she0yei,246,5,1688867701.0
Sour_Beet,dhs1n1q5,141488,109879,1627123101.0
expellyamos,dyv3filgx,148414,336969,1687468890.0
jokastar2020,70l585ay,6074,5687,1592865951.0
illHaveTwoNumbers9s,m7nfqfcqp,216675,53145,1697865796.0
KaySan-TheBrightStar,19wdmbp07f,169641,47503,1727738403.0
nohup_me,1kp96jvx8t,133816,12826,1741361274.0
RegularNoodles,ud6ck,5162185,138901,1454458535.0
Brilliant_Dare1793,e3ppjb7zl,25,1,1687638829.0
SappyGilmore,968bn85,735543,19521,1501696899.0
Half-Blood-Prince394,1mdksyi3o7,1578,717,1743474558.0
akira_him,t0nbh,35510,1604,1450340858.0
MoreLikeGaewyn,5ikzac8f,10123,7241,1579860570.0
MainDifficult2641,13mtyf2dl9,10232,718,1724512591.0
NapoleoneBonoacarte,du3pelix,273157,8113,1628613909.0
Sure_Pineapple1935,pp49fy816,2267,27817,1702261260.0
BreakfastTop6899,czohgvm4,843162,4093,1625544802.0
uniqueUsername_1024,1446yq,147063,140782,1483476246.0
OutdoorRink,5du1g8j4,94351,16989,1578318107.0
InternalAsk2067,vmurwl3c0,127,12067,1709748638.0
Independent_Tap_8659,1bfwlcxqge,1170,5904,1729683359.0
Jonasm501,6dayhfp,48085,22439,1499462231.0
Seb-shaMu,qk0a2g9d,2464,2091,1701317103.0
BokehJunkie,353zwcr7,11886,172465,1549173501.0
Wise-Performance2420,bu9hb8h8g,3031,8778,1684785515.0
Devynhale92,170plkv3ny,96,84,1724106524.0
Yurishenko94,im92kc7d9,358484,65617,1693413908.0
TerrapinRacer,15g01y,29914,28956,1487211732.0
iamtommynoble,zi8jo,16981,41164,1468517339.0
xCirce_,1q23phzaiw,724,71,1748116824.0
greenth1ng,4puovvzt,1445,402,1570084579.0
scalarH,69r0lsqg,244,27108,1588742623.0
decagon144,6hy1jxwz1,10277,60,1686513730.0
Suspicious-Check25,1qsubqzbfi,286,714,1749059703.0
cyPersimmon9,10f1p6gtog,4803,98,1715785464.0
DramaticCattleDog,11yfsuylnk,5425,72851,1717721396.0
Sire_Jenkins,fa34dfkt,1805,8519,1634173694.0
SIM007N,m90z7,1164,1489,1426518808.0
Ok-Branch-9943,7x7yeob3,547108,43189,1627937928.0
Emotional_Arm5867,19lpwuppor,42,1505,1727364735.0
Anime_Enthusiasts,nb10j0q,116538,6533,1515207315.0
Bitbatgaming,160q1g,113197,825259,1488987417.0
RavenFeather98,1qpg8imjzu,467,822,1748934817.0
Wise-Ad-3506,lebrudgt,15280,3616,1648813328.0
FuckLemonJuice,2viezbxl,11222,8008,1546430393.0
MELLOWDRAMA_88,3otruaip,68922,44949,1557611377.0
Love-Marvin,545em07u,13214,14537,1575490371.0
stringsandsticks60,1md6zoaf0l,1,0,1743460845.0
goodmqn_22,1299socai4,33879,8211,1718100768.0
VerboseWraith,992ch5t0,21416,12705,1607572479.0
TurboTimmy,6vrqs,474,1815,1328818551.0
Lameastronaute,8qla4oo1,2164,1079,1604409747.0
Zac3d,eeqr8ea3,2286,32140,1631102922.0
creepywarlock,1qran6ua51,29,0,1749000927.0
Strict-Ad7079,1mp8vt64gn,179,0,1743883091.0
Amavin-Adump,13zoa665og,192891,22573,1741638651.0
Nearby-Marsupial-923,hfmo2unj,1,7,1639171882.0
DeezNodds,7ek5349ii,593,288,1686752197.0
Worried_Strawberry,7mam7p0z,638,1808,1598849475.0
tjerome1994,snmtf,52701,3844,1449181540.0
LORD_INDRA_,181jt3evxd,3150,7477,1725397042.0
Shiroyasha_2308,1afnwem4vg,216272,4218,1728413777.0
ShaiFanClub,13pwrg7pd9,23134,74069,1719944732.0
pototoykomaliit,3hoxkyge,305824,124172,1613143320.0
Derezzed25,75gxig2o,9401,2524,1594459476.0
leolegendario,usghr44,26606,228327,1517430292.0
Pieck_Finger__,9katxppv,10317,5201,1609300089.0
Grumpy_001,7lui3pag1,29029,77141,1679447210.0
Nana1733,1oahy606f6,667,184,1745888674.0
ParticularDoctor9620,fll5mbz6,2782,804,1634526925.0
Villenthessis,3giwsc6b,529221,30044,1553254450.0
FirstForFun44,7x3j8,624,104867,1339019251.0
total_goon,8b345vm3,5887,255,1606942703.0
Delicious_Struggle40,bwh2hp8s,763,49,1620001680.0
Lil_goobercheesegod1,1knqhfzcs4,294,93,1744111888.0
Atzkicica,fi2nj,9705,39071,1393656647.0
capitali,4t2jw,24442,60934,1296910696.0
IvanBassi,efyyb,333,1057,1387547904.0
SPXQuantAlgo,1jli753bkm,504348,46369,1739968990.0
Sina_VanDerLinde,36h14047,23068,6998,1549613716.0
MrBuckBuck,amjdxobe,1053198,301015,1628375430.0
EDWARDPIPER93,6otw7opl,14264,6378,1592852981.0
PitifulLobster,irz0x5l,8619,191,1544061028.0
huscarlaxe,bpvt2,38475,33788,1368842216.0
AliciaMargatritaa299,k8qihmijw,4045,4058,1698251840.0
Andrew_Secret,10wacwnbyk,5442,352,1716406843.0
Wise-Practice9832,rohc7sppt,2163,1711,1704761080.0
Weird-Chicken-Games,14fxwv1rgg,295,395,1724352278.0
MrHankyPie11,p76oxjgs,75086,8155,1712703704.0
PhlogistonAster,4p4gilqo,19422,119,1569837173.0
funny_mod,5qz0k,13769,96,1314626745.0
Veritasibility,jbclb6p,74301,8038,1511107312.0
Worth-Boysenberry-93,cyeju2pls,91475,44951,1741453789.0
EsperaDeus,a4cy4,566887,69879,1357459534.0
alacrisery,biejcmo8x,4036,204,1698697878.0
ThEhIsO8730,18hizbxu,1845471,338914,1524409204.0
mattwileyart,aostc,7798,186,1361501511.0
Doener23,hucby,787303,11983,1407847660.0
Elektricni_coek1911,1o4v0zdk7h,4746,1426,1745691196.0
Ultimintree,5oufu2lf,169885,357837,1585297470.0
aitasickcall,1qbk6uzxku,368,139,1749273918.0
TDKswipe,3b9bzw8b,146504,54654,1551303774.0
BobbuBobbu,19qe2be0cs,57686,3533,1731940907.0
CanaryPhysical5657,1qzz0kbuf2,1,0,1749303353.0
Memesss420,2js0wo1u,28877,20803,1541498962.0
Ashamed_Fox_9923,elomyj3v0,114106,19274,1688268434.0
johntwit,1m2ouygw,399072,34984,1529540599.0
ItsMikeMeekins,5ioiun6o,15794,22070,1579894182.0
MGLLN,egaiy,5735526,2034453,1387600612.0
History_86,1jg3cx7jrr,9294,8989,1739779472.0
Less-Thanks-8922,jhnwrt6v,4272,1284,1644343254.0
yomistawhiteimafurry,oq1bgnsiz,585,-1,1701032283.0
Obvious-Swimming-332,cqa9uj2q,10541,1230,1623718632.0
Bricelander,a56tc,1871,2749,1357622938.0
ethereumkid,8u6emw,16626,66342,1493869738.0
OneAngryPanda,5sd0s,292118,977497,1315114772.0
c-k-q99903,15nmkah,445941,31122,1506536551.0
brperry,89fq2,3002,42582,1341735122.0
Moose-Rage,gc7yj,44894,170913,1398695684.0
Polybius1985,e78s5tey,6886,265,1649589648.0
OwnNight3353,b85vl731,3281,28665,1617089717.0
Snakeksssksss,3kwxowph,408,33481,1554968164.0
sortafilter,15ey9sk6yp,233,3930,1722083113.0
International_Use367,a9mmpe5z,18,398,1622227881.0
AutoModerator,6l4z3,1000,1000,1325741068.0
DracckoYt1422,j2xjricy,2652,3669,1651511372.0
Accurate_Risk_81,p52f2ys00,1,0,1701558714.0
HannaJes,jnd7tsdgq,45,35,1699219336.0
Ferrinova,km9h14de,1097,4362,1647115831.0
Out_For_Eh_Rip,1ggwr3lrn7,21779,22772,1737815710.0
Moral4postel,a9e0z,10931,22234,1358411173.0
Appropriate_Quote_30,79a2fsrd,861,994,1597518299.0
GuacaMolis6,85db6nc2,66771,16336,1600495996.0
Appropriate-Cut8001,7monw2l5,2347,1651,1596983442.0
DaGayEnby,uuu5kzosx,49848,22768,1724411110.0
ToiletDucc,7uh7eooj,2300,389,1598356839.0
UpvoteCircleJerk,bns3olpp,59233,60163,1620400307.0
RonMexicoFilms,2lmh4d6m,58758,4632,1542238185.0
Landwhale6969,o8igs,5064,2257,1434828775.0
Bootlebat,kp8cq,30749,2939,1421198437.0
Mst3Kgf,7zfekqxd,29762,466650,1599325902.0
BonusPuzzleheaded596,7usylpk7,423,1957,1598414981.0
FreeCelery8496,1iu3eqmwng,922996,28698,1739008419.0
tramquangpho,3gwl16i,3331,3790,1536775657.0
Due-Creme-4881,1qvgq1b0ym,103,62,1749145553.0
Professional_Arm794,8hconjj6,232337,6566,1611701853.0
Complete-Equipment90,6q97rpss,14212,13297,1602805796.0
plutofantasy,pah3nplh,248,347,1656382131.0
MikeTysonChicken,cqtny,52618,655556,1376417441.0
throwbackblue,18fwe19aul,5712,11397,1725900148.0
Ben5544477,h1xd5oc4,44099,2111,1638210487.0
herewearefornow,h5wbhg07,404234,29539,1638487143.0
DrDinoDiplodocus,5jrgaznz,20166,2995,1582232513.0
grandeluua,sh8u20qio,193433,7505,1705768834.0
pommelous,1q49en3a4b,550,440,1748192479.0
VegaxSta,1cwc39775s,203,15,1731520136.0
seventy_nin,1hd2n7601m,685,571,1737150947.0
netacowo,13xkhy0lsd,4935,2262,1720213046.0
ArisaStepOnMe,3rxye4x8,28740,2306,1557915455.0
ThickCapital,68uw8,1366906,180183,1321331965.0
pinecoconuts,90dsydwc,4781,45093,1606150000.0
bratpuky,sorionky,1850,144,1663758583.0
sammyisntsad,fujw2cv1,2094,126,1635320708.0
apostleofhustle,35s55,5135,16468,1212328784.0
FireTheLaserBeam,2nogf93p,30375,93309,1543040866.0
EtoileZalos,cuk9n4i3,168618,48167,1625574327.0
Prize_Investment1447,yyuu10evf,1402,1386,1716083077.0
syizm,1727gn,7059,41749,1492138235.0
Own_Power_6587,19qt8an8ej,22670,5652,1727543182.0
OkCardiologist7,1304t1fa,46707,1333,1523889875.0
MrGuinnessMan,1i4c6p2zqu,2227,40,1738106052.0
Jetsplit,tmbuf,21002,10979,1452330779.0
bendubberley_,44z25g99,1939099,126542,1562925480.0
JiveChicken00,pphrsf2r,41619,454923,1658365766.0
Seth-555,evjol,13325,46274,1390114507.0
kora_Legend,1ha0na0cp6,29,7,1737043918.0
Fatmandui,n3x6r,1825,2762,1429916537.0
Cagey898,5iap7eak,251227,1485,1579829213.0
Numerous-Gur3601,aynrakyf,16,8,1615967050.0
Tyler_Was_Here,8gghy,16322,15902,1343289678.0
DistanceCalm2035,n1c85pd9c,2690,6971,1714808176.0
Pi25,jz8fo,15428,3700,1418413217.0
Soloflow786,af7o6,4811703,81214,1359594783.0
F86sabreF2,k1t45685,2650,1799,1663683947.0
Olivedit,1lge543o,2265,1167,1529331392.0
NearlyNoselessNickie,ak1ueo6d,7407,16365,1614203670.0
jonsnowKITN,9n7tz8l,496099,1093784,1503853842.0
Caleb6801,jdeag,27232,20540,1416062678.0
cigr,1ah03,27069,163630,1173975071.0
Wonderful__Soft,1qmfezwx4u,998,250,1748828883.0
DeanKong,7x9j9,5131,37941,1339048517.0
Delicious_Delilah,1yi2nvjp,217565,148428,1533911631.0
Little-Storage3955,rwa6g8z6o,27129,1097,1716537542.0
MrJordanVoss,a5z5cc0d,106,190,1612426316.0
AlexandrTheTolerable,11htgw1s16,58656,31289,1726136905.0
kaczynski-was-right7,1qv1zkn85b,3740,63,1749131064.0
thepoorcapitalist,amm9k,9071,2515,1361079419.0
Impossible-Pie2924,fvko4nkn5,16438,6613,1689876017.0
mindyour,4dxpzq1h,6292728,345844,1569860381.0
hrdCory,zwgds,614,783,1469737603.0
mzryck,n012r6q9,2073,4665,1652325306.0
New-Penalty-2437,1r0mbcou65,12,71,1749325993.0
N0RetreatN0Surrender,y0j6wknj5,464901,24662,1720605668.0
Beeehives,1qoo4jhj9g,4496,1783,1748907394.0
Emotional_Eater_,1mlnttcs5h,1244,137,1743757616.0
Silly-avocatoe,v7o3l027,1469893,208626,1672035825.0
_Kalray,w7y5tacs,550,1059,1679274266.0
AravRAndG,7o52nqxw,639152,20800,1597210631.0
TheHoppingGroundhog,ezqsad4wx,4019,1359,1688960670.0
yukiohana,1b5nihqy40,271488,40542,1729324315.0
rainsplat,1k6lcapmxn,132,777,1742515109.0
Antique_Text_29,zkhrmlp34,671,8136,1714710451.0
AR44ZX,vl98grox,19024,1334,1686992515.0
danielsalido,us82evzl,3726,2177,1670271777.0
ComplaintNatural5528,1qzi1zej0k,2933,3797,1749286837.0
StrangeElk,1n2tgaln,143216,40041,1529891278.0
excursionista,1fxkirt3,3293,627,1527259343.0
sn34kypete,53g7k,8045,366382,1302652482.0
ReasonableSkirt5340,1a8y4pwgg0,21608,2763,1728178625.0
Sgtteddybear_,1lwzg0rv66,1264,202,1743589030.0
ManaSkies,10chmymael,422,18910,1715691365.0
Hookfang345,2adom5nw,9142,6400,1587409350.0
Proof-Umpire-7718,e342q9el,162072,317604,1639174603.0
Fire_Natsu,9ysbkiv3,29209,2768,1611477539.0
XFearthePandaX,14nktx,7996,3482,1485036451.0
Flimsy_Positive_4628,1qzpif4lho,335,129,1749294068.0
NoPresentation9955,a9xsim9u,390,324,1613569116.0
ElderberryDeep8746,v3m88z8b,670696,95911,1673106751.0
LadyofFlame,1yxipxb0,447,4218,1602322057.0
wex52,r5nqr,5428,71323,1444753147.0
OregonTripleBeam,10k39a,1982554,471218,1471323911.0
cleo22270,1jfi7kh61j,38744,73305,1739758416.0
IttoEnjoyer_,uk5powxa,57311,38703,1671245365.0
A_Trickster,1a5aqy8ld8,3475,8507,1728050628.0
MaximumBlast,8qfrsru,3713,621,1501337641.0
NyelisseDawn,1p0560p9y6,1111,1143,1746787172.0
AdvertisingSad6848,1r02rmnrvj,62,220,1749306962.0
SlightPie8035,g6ipxjej,19,263,1638923250.0
nigevellie,60gn0rz,14658,77875,1508435493.0
Catdaddy_Funk,4mjjolxq,2663,567,1737237091.0
Havel68,4chl1w282,1084,12300,1675409555.0
PoohdaBrattt,12fhhu0tov,11,36,1718318457.0
Murky-Ad-4088,h40tlbin,16016,10619,1638352539.0
Technical_Dentist885,o4zw2jnl7,1065,78,1700295131.0
Marion_Junn,74nid9vz,14815,7939,1593656753.0
RedSquaree,4d9o8,45790,133877,1285247380.0
-SirTox-,6foopl5f,13829,79786,1589101414.0
Rare-Library2852,19cr8zu9t9,2,11,1727099713.0
Obvious_End_8457,qwlv2tsu,372,57,1659590377.0
Valencewolf,mfe1v,2288,14288,1427069539.0
RNswain,1n7icerz7p,41979,458,1744522964.0
SwissFaux,12sy7m,3797,6846,1479112022.0
DoubIeScuttle,1jh0pqtl65,14400,11051,1739811442.0
beekay8845,s8u40rjf,438773,32225,1662449342.0
throawa84847,idcoywka,722,766,1646984735.0
Asleep-University-89,9kyslk0c,31647,2531,1654699669.0
Bllq21,e9o30,235496,30512,1386577381.0
Illustrious_Wing_182,l0g1ml5cb,2079,1722,1696352258.0
PLuZArtworks,63qnz4ls,27959,8535,1585844269.0
Dull-Estimate-5158,vgzaeo55,96,39,1673232139.0
massivecoiler,38yui,141358,9717,1221975978.0
Intentionally_Ironic,1kudnyy0h6,5789,742,1742374520.0
Key_Associate7476,mi0px0qs,864463,4093,1651180238.0
zivzoolander,157rqnm7ts,56349,21610,1721831531.0
Latter_Use_4863,7ef9pa34,909,6725,1596538461.0
AbhimanyuKRed,krwer1,19211,1885,1514900578.0
ian-noir,11ql24,4302,3125,1475097611.0
jesszillaa,xkdv9,9001,22195,1461962911.0
XXMIRACL3S94XX,46jzfwwi,10021,4640,1563453964.0
Beautiful-Rough2310,cjoae7lta,50641,1928,1685675682.0
absolut_st,1gbwc2r0e2,40248,14855,1735848608.0
314159265358979326,bc9m4qj,19489,679729,1503371869.0
confusedmilenial,17aqxa,55,34,1492843341.0
capribex,41m4r82o,29369,26232,1566462072.0
BetAmbitious8721,98c6ocl3,330,-8,1616964884.0
johnnypin,12zuue,330583,549,1479832889.0
Positive_Owl_2024,r1qvutxd6,327026,51433,1703965034.0
daecrist,2mizn,43281,186002,1189105046.0
Lexinoz,b6zc6,8437,341922,1365084498.0
Comfortable_Team_696,17ov8fo0ng,1434,3273,1724952752.0
athenamalis,dumswq7k,23426,10847,1628678601.0
MavsFanForLife,cdls6,16614,237105,1373837487.0
AdvanceFlimsy2383,1qyl6rj4lk,820,-100,1749254834.0
semi14,76ubw,10501,10945,1331937833.0
VibewithYana,1qs5akoa1w,275,69,1749029495.0
Ok-End-5481,coan95p5,3081,3366,1623472678.0
NYstate,estps,1831623,468912,1389666602.0
donutloop,81yj9s9,713946,5598,1506873073.0
alxwuuz,1irfpyt8ze,3028,12,1738915259.0
GPwat,pbuxi,213030,83595,1438772951.0
uwu_01101000,7j0xeu09,76241,143307,1602409753.0
sizzsling,uhyyaogf,41789,6284,1669186103.0
anonkrreddit,khqap90kt,110,15,1695696629.0
leverposteifantomet,9q3rutn,249,196,1543584348.0
Lazer_Hawk_100,4fv78a5m,1412,14079,1603813208.0
Orichalchem,g64mu8w,548684,258824,1507184858.0
VirtualCouple1,lub25i4h,37284,549,1649743106.0
criteriaz,8mx73fwa,962624,78501,1603746241.0
mappornmod,14vfem,412,1455,1485659478.0
-AMARYANA-,339jlh2o,847064,51613,1548551741.0
Ori-Sly,d9ne978n,8,5,1626127504.0
JediBlight,2iju7etd,3735,37084,1542890893.0
RichBirthday2031,144fe1k570,843,7159,1724864003.0
nkmr205,qntl8,47990,1925,1442938080.0
jootb,8hu0kkad,1142,346,1606557184.0
ChiefLeef22,7a7qkhpq,662160,209496,1595692180.0
Chronoz0,2v25xscu,1006262,228082,1547856434.0
JesusSwag,eljs9,8273,90651,1388565659.0
AITAMod,2yspbtwq,11164,182,1547139818.0
ireallydontlol,gma60p0g,4357,3411,1637100827.0
zb424,v952pjlw,1098,2725,1672201098.0
ex0ll,141kz7,49641,18090,1483281792.0
Ullaspn_2003,75zhhfx6,47212,84699,1596955229.0
Technical-Display482,19u3jngkst,665,60,1727658281.0
sxnaprkhr3012,e781ghl,9994,1667,1505712221.0
armedshutter,2qssdatr,26914,762,1544248101.0
Jay_CD,4i6a95ew,198391,107804,1594556832.0
Upset_Art_5985,13j1xrvm19,1288,136,1719704605.0
AdventurousCandy3906,80fmqqw9,863,63,1601069989.0
BeRealzzz,4qi90kks,10075,14342,1572037136.0
Raccoon_G,b796waucr,6304,4599,1683979451.0
dakp15,1cbf38x1,85017,18722,1525941805.0
CapAccomplished8072,unzl892dp,1951931,286155,1708527260.0
TheFrederalGovt,i46v7,168625,68547,1409368744.0
daversa,3p2de,49670,88878,1256679876.0
Brady331,16pd6b,524004,867108,1491106538.0
PsychologicalNoise,wlgji7t,433,6432,1518391394.0
Teacup690,57ht1oys,14565,15989,1603738737.0
The-25th-Grizzly,nhed3fr0,4193,778,1707871682.0
s3mtek,6hs7jdws,11430,10272,1589639238.0
samkb93,40g3uyer,1965,3398,1561476773.0
oklolzzzzs,l9kr8ic8,1394260,410841,1648532004.0
Zetice,dktr2,1713534,915114,1382241231.0
0ccurian,ljje4,1350,3638,1424710904.0
AdSpecialist6598,cc0n0rs5,3252179,53411,1621979108.0
Mythical-kun,346lh2do,14,98,1556188146.0
Neddo_Flanders,621tgcd7,137168,68618,1601377595.0
JanHuren,561j3nlu,11284,82529,1575621246.0
mkbt,txcsb,391622,21134,1453166299.0
Useful-Scratch-72,rhopcjhu,84379,17773,1706513234.0
LickingPalletes,1qyut6jytt,31,0,1749264217.0
heyserko,h0yclkek,16487,10667,1638144980.0
WeakValuable8683,1gcpvjfytr,2783,153,1736474218.0
Upstairs_Drive_5602,1ff7y5k0je,145976,35758,1734703878.0
ChocolateTsar,499ajl1,708008,110923,1497628425.0
Chemical_Station7497,gsx0cqzc,11654,4056,1637571838.0
monaleeparis,7zk8wm1p,1685348,15028,1599350554.0
Novel_Books,184iz7erzg,419,335,1725501423.0
rappenem,n821hl4,619322,24581,1551253113.0
Daxaroodles,jocb3x8u,1535,542,1648340878.0
ParrotParent,lik15,41386,13531,1424583848.0
ClassicRight7496,1nc0539l4j,12030,1962,1744680273.0
nextorwtf,e2lmsafp,39824,734,1629638585.0
Responsible_gambler,w7vi07ol,75,62,1679250918.0
Butter_On_My_Hands,5i401pxl,1339,253,1716651252.0
musicandsex,8l0t2,37689,30492,1344302766.0
Itchy_Swimming9661,dtwfhcko,17231,773,1628590118.0
Melementalist,16c6piovnv,10435,10094,1724682710.0
Dapper_Honeydew3915,13pxv21iyy,231,425,1720998685.0
Used_Steak_7026,mo6owosx,285,26,1651599937.0
Plastic_Lab6725,py8ceiii8,93,2398,1705247094.0
CptODIX,21m27rak,28176,918,1563169520.0
BestConcern522,1pigq7kgcg,1601,527,1747429055.0
Grand_Age1279,oahhnlzzh,293290,46428,1700752504.0
f-u-whales,t0gm6jc,39176,71290,1516531771.0
BootGroundbreaking91,bkce6toq,8713,2614,1618531888.0
Happy_Weed,vp5ahog,75817,28388,1517920594.0
Valeryanka_,j7o652a9,1829,72,1643643680.0
Helixdust,1pgv2ughx7,3666,343,1747373844.0
ThroatPlastic6886,1cne5yqzhc,2151,3817,1740868011.0
Wrystyle,i6ianp8q,4526,1482,1645822835.0
Maple_Hound,civj3ezf,6117,3609,1634431738.0
Enerjack,rsug0,45416,5291,1446845975.0
MundaneMeringue71,vewrxm54,10422,51857,1709497745.0
SuspiciousWeekend41,g1mqk8ugb,82528,12273,1698294044.0
wsbapp,qbvp0eq8b,73618,176,1703058490.0
Ghost-Ripper,1hs70vkf7o,16070,8224,1737814446.0
Alcatraz1331,1bo69uxi,1226362,33459,1554531523.0
Inevitable-Silver512,bnzgnbin,639,1641,1618967567.0
Mommysgoodboy__,1ovi6y5aic,3779,1399,1746624623.0
meatabogan,1p5xg22vc1,3178,248,1746989713.0
itzz_fel1xx,42hfnnzuc,700,7805,1674984467.0
Old-Worldliness11,s5ukcagw,9938,58,1662201222.0
GianfrancoEpstanio,rdnjdqvqo,9792,243,1704381779.0
poisonousrat312,1jhtvql5ry,84,0,1745669046.0
th31whoknocks,ikyi17dcc,51642,85,1693287669.0
rid_the_west,t38iyyouo,87419,3405,1706539379.0
Born-Agency-3922,wzul6imgg,119094,51697,1712843495.0
xxzinks,pez4p8xf3,1789,244,1701905815.0
Different_Kiwi9306,972rcxko,4751,1321,1704325521.0
SonOfWestminster,1l7glsclqg,3980,7516,1741999262.0
RodrickJasperHeffley,1gl214eo9x,83699,55222,1736169474.0
Fine-Yesterday-8936,dpq4lqmj,1964,2917,1634082298.0
NBA_MOD,6vjwa,300371,30185,1328751452.0
EchoOk4335,7d4fx1tz,284225,9822,1595378586.0
Video320,idjxd,19038,2722,1410578895.0
nothing29395,zl7lvtgkt,4,3,1714735619.0
NoradDefense,1pohy4kouc,2971,2049,1747640220.0
nesatzuke,pco1o,362855,14964,1438850933.0
JonnoEnglish,p009n5ow0,3894,12090,1701381421.0
Ordinary_Turnover_59,kvbbhscp7,7548,3291,1696172539.0
OkieBabe2004,1q1swwgn48,2633,17,1748108560.0
Path122900,gmp3dxtfx,127421,13466,1690826084.0
Informal-Bet-2072,10p23cpmw1,10772,866,1716132876.0
NR431,mx0cyg4dm,9399,4152,1698754224.0
Zenist289,22pz0tsu,70245,2830,1535536701.0
Suspicious_River9766,tjl2imyww,8627,291,1707111849.0
parthpa342156,4qwkscb5,759,144,1570454314.0
Neamow,8ub41,51280,185133,1346338630.0
Baz_7,r6aua8v0,58905,3500,1660045374.0
Lucas_funny,fl9ufwif4,2460,198,1689515486.0
EffortCommon2236,6exvw3rq,8993,43774,1628463695.0
Initial-Eye-9091,fl6zbkhs,2985,431,1649085959.0
hexitor,10505x,1123,22095,1470371651.0
AnxiousButAlright,12zxyiauqp,4263,1964,1719035095.0
WhiteRaven_M,dh2td7x,73314,54591,1509643070.0
grimjowjagurjack,qknay2p0,40809,38463,1658997354.0
Flurb4,dy6psnx,37323,166556,1506197451.0
LiteraryBoner,54xmx,220558,733386,1303599223.0
Cleonce12,1x532oln,900957,98046,1533418631.0
OSRSkarma,17bz2ly0,32800,164578,1523890299.0
Hiro_Hadama,tsflu54f,4919,3542,1672848601.0
CautiousSense,15jfsqos,8947,3095,1523046871.0
LowRenzoFreshkobar,1gj6kpcw1f,685183,24742,1736103909.0
Kingofd0p3,2pz0o85i,62686,10075,1543933528.0
bwhipps,a5lh2,37597,57452,1357696968.0
uelvet,cfjkz22h,514,4884,1623058548.0
Xanthon,5kb8k,98498,369284,1311585077.0
Luutamo,msvl3,221998,326021,1428579402.0
weird_name_but_ok,5wwmxejt,5426,7515,1584032031.0
Uniqsya,16lxw7,138,-14,1490834569.0
Shad_Omega,b1spzx8t,24469,2099,1630409473.0
Sandalwoodincencebur,1nijsqejnf,3424,2050,1744909575.0
OneYard7870,pde4yudyl,131,-10,1737199635.0
Agreeable-Account480,e5cud004,177,1921,1629962041.0
bakedmuffinman,16oyvz,15948,2748,1491081075.0
ianlasco,sv5hs,4757,42385,1449861492.0
reflibman,difi,245803,27237,1155599286.0
undercover_ace,nwwctnld,4217,997,1657334438.0
pnl560,id0uhzjh,46,20,1641613925.0
TheFairfieldOverlook,1jw9akmsn2,432,5449,1740345265.0
RoachedCoach,4m6ldvro,426501,93920,1568830060.0
Jonathan-Earl,s68ewfj,114601,36040,1516055896.0
DanielMoore0515,armom2rj,55294,63834,1615247561.0
shoofinsmertz,3meiynf7,607957,87582,1555601643.0
Minotaur830,jsqlu,66688,148812,1417703421.0
Randomthoughtshere24,7ym09nn4,5763,1497,1599161006.0
valuablestrike91,z67la9v71,246,271,1718574545.0
Additional-Scale1924,u9u1ufeay,3,8,1723573604.0
Jolly_Bedroom_9574,qkptbt0rx,4107,1121,1704150497.0
69enjoyerfrfr,pzi59i24t,1764,331,1702624925.0
WoundtraxTheGoat,qxk3usmsx,82294,1136,1703817948.0
CD_ssb,ox9zu,5413,2236,1437347208.0
JoeBiden2020FTW,8a5wqdtz,108036,87221,1601404800.0
Roseinadesert,o3nolxg8,3057,1027,1659445174.0
K-Pumper,4n0q1ucku,21163,8653,1683052330.0
eldestscrollx,1l45qiid2x,30224,5345,1741883352.0
kurtleyy,j0vzy,6790,205,1414141047.0
Iggy_Slayer,t4k60kvl,41907,57843,1665070005.0
ExcuseOk3095,1pihyh89fm,589,414,1747430414.0
iamsdl,1nyr11pki5,5,24,1745477163.0
TacosAndBourbon,101e3h,74141,76999,1470093582.0
johndoe1279,vx1l9z422,1255,7895,1728038469.0
Jeffroz,9j3zl,6345,143,1352280559.0
chy27,jfj2nuc2,4812,8651,1644193459.0
spinnerspin1,ec7el,346,1503,1386940216.0
TheCoreOfTheOnion,znaimffws,534,420,1714808764.0
Public-Ad-4138,1k40amsrx3,2939,120,1740616740.0
ExtensionJudgment704,1gd0se5859,23,2,1737885269.0
Kitchen-Ad-985,qfrmsc7r,1953,13,1674897290.0
LarsTheLorry,28rrkiuh,1113,13,1558733281.0
tnguyen5057,n29noxw2,7573,10444,1652446138.0
TemperatureUnknown,54h9qqe8,8869,7419,1597745985.0
astral_icecream,1j1glw9zxv,94,124,1741084977.0
TheJustMonika,2ptnjx8o,1370,149,1543873410.0
Greedy-Year8384,19xdi0vuj1,38884,16847,1732415643.0
-eDgAR-,92k5o,1078522,7674568,1348162467.0
TopazScorpion,3ssqn29k,5149,4822,1558274121.0
zombligh,y4r2w,61,30,1463958756.0
clothespinned,lj18a,440,99403,1424646778.0
Top-Midnight-8653,1fttu4xzlq,5348,10983,1735215626.0
Inevitable_Guava_864,444zlccv,6723,47,1666901987.0
Oportbis,pwdi3oqw,3314,7232,1658225766.0
bayscit,cbp68hf1,7062,268,1621942191.0
A_MASSIVE_PERVERT,rtyg37cy3,6641736,427824,1704952874.0
CriticalVirus2,6l49z1r7,1661,1458,1590525011.0
bargeek444,1f4s0kdsne,4572,2,1734489809.0
poolhaus,5pyzh,3594,8252,1314169268.0
leahm087,fknvr,18991,2939,1394061636.0
Ok_Temporary_9490,1492gx1yxs,506,340,1734505145.0
lionsgate,2yjg9dt0,74451,503487,1547058772.0
mr_sharkyyy,cq4y5tdtd,5195,543,1685902153.0
pedro19,3h5ro,224689,152945,1242003360.0
compu22,h7eij,37043,11597,1404186839.0
grandpapuppyboy,7ekdx5as,7182,5706,1595945483.0
Logical_Welder3467,14l1ppgci2,245760,73602,1721035553.0
Own-Badger-6633,vt4wmexy,763,247,1675600181.0
Sea_Turnip6282,tp2wuidz,47545,63342,1666773682.0
Purple-Maybe-7637,d7ap3yos,10810,4833,1625839450.0
Centuriosa,4mycosnj,2938,596,1569813402.0
CarmysCosplayCaravan,g6791y9k,1699,54,1636988695.0
AlternativeDark6686,890oeoem,730,4181,1606513821.0
czatune3bat,hy8dz2fc,329,0,1640545879.0
Faedren,28my2few,1661,924,1537303747.0
Lucario-Mega,vanfz0lf,8061,17302,1674622638.0
vladgrinch,v71kl,5269581,365795,1455717179.0
nuggnugg27,15twrw,4073,5889,1488381121.0
KWAYkai,5rsiu5xp,63994,85430,1597317308.0
ChoiceMacaroon3790,1qzes8oqnr,164,604,1749283638.0
RegretsZ,8b91v,16944,115252,1342127203.0
nfl,30enjsvu,2195354,188267,1547659800.0
Baba_Yaga_0101,sts1mdq96,33043,329,1706207780.0
RaidenYeager,bsoz8oje2,56140,8612,1684730478.0
codestormer,bx7udmucw,46036,3403,1684889022.0
Touniouk,ohshg,1244,20517,1435874830.0
Distinct-Pride7936,7a5uv0nb,85441,63590,1594805183.0
He-is,55zwaxkx,319791,14221,1575604522.0
JannTosh70,1meor57q58,3503,2913,1743513146.0
cobaltberry,p2m9f,18927,5407,1437859098.0
Material-Insect6482,1ib2mm0jk5,1803,3,1738341972.0
Visual-Extreme-101,1gbgfkagb3,12713,15295,1735833164.0
deaglefrenzy,50iqs,37246,82254,1301116164.0
Chai_Lijiye,15yfkzg4yp,377538,66050,1722773956.0
Accomplished-King406,15nw0eqazz,324437,7024,1722396258.0
Fit_Illustrator5438,89ndi2r7l,100,63,1680279925.0
Camtastrophe,aul4a,34626,27653,1362628919.0
Theinsulated,116363,62893,136599,1473005814.0
Karthak_Maz_Urzak,327izo,112395,30764,1509738076.0
Renooss,scjtnrpz,86,46,1662878738.0
ironnachoYT,9obdym3y,4209,1431,1644619812.0
sco-go,bmixs08o,2229779,17846,1618793053.0
YourNameNameName,7swnvucz0,61870,36101,1679693865.0
BigDaddyBain,1k80payswn,5027,29574,1740761068.0
Neykuratick,22aj0m94,106119,5047,1537963911.0
DrSwitchUp,1qsm00b0t6,171,5,1749045456.0
gef-,c54dx3yv,44,9,1666499402.0
Few_Amoeba_2362,cf2w2neo,141885,6380,1622357107.0
FlukeShooktth,1r051x43qv,190,23,1749309205.0
ShinyEgg151,5ppactlj,2024,3421,1581989171.0
Aye-Loud,9qcyhbhu,5663,30716,1610161910.0
Content_Contact3115,1l16kb36xm,478,38,1741779041.0
crm1234567891,ayycxpze,2874,1999,1620830928.0
Unfinished_Sandwich,1qnln9gxz8,1047,893,1748870693.0
shivthegamer6969,7tiznecs,700724,34648,1602424656.0
I_may_have_weed,eq07f,423865,32287,1389223902.0
SpeakNottheNightYorb,1mfnlbh6a9,55,10,1743547050.0
OkAccess6128,1o9c7l5mko,803,12452,1745848077.0
Quirkie,35fk2,1941675,31550,1211354983.0
indafamily,5rjsrtoo,4513,587,1582500003.0
comprapescado,ahw6cp,801,2152,1508785747.0
Waelder,kr3rj,75542,41277,1421424519.0
AyAyAyBamba_462,v4kuzgg,27763,123215,1517604704.0
chichu27,fghbfrsk2,54986,46930,1689347189.0
goshathegreat,egsx0fxx,14520,77920,1631336950.0
BriefSurround6842,ik19o5cuk,41527,17115,1704921546.0
MarvelsGrantMan136,5adwlxvn,17180513,2413140,1593010930.0
----OZYMANDIAS,18ayg9btqj,27731,6302,1725726580.0
IRA_Official,1jt3pti3th,7151,436,1740235540.0
aiyafem,1o9h2r7uht,2036,719,1745852789.0
DeathReaperNinja,h7f9t,9081,2155,1404190473.0
discerningpervert,20wb52a,382141,2595110,1495640316.0
detox02,46vgppoo,636529,129144,1563557843.0
Dry_Village_6291,atgaejiw,1546,20,1615364286.0
Sleepy_Chipmunk,ehmaz,40175,100742,1387848061.0
esoterix_luke,3q7w6vjo,1155538,32904,1557188938.0
Lopsided-Artichoke34,slntubdq,241580,17328,1687235354.0
solateor,7h5k2,6490028,701861,1334633292.0
Reasonable-Code7379,gqrwrwk5,1521,2171,1661804946.0
Inevitableunavail,96q823az,2323,449,1616612757.0
beyxnd,2cq3y7qa,42,105,1540427727.0
UnironicallyMe37,ge3112lm,14466,10868,1636513534.0
Feuershark,729y6kl,13763,65285,1515728127.0
aerostotle,680ln,86115,109798,1320979301.0
Fine-Bar-418,p9fznoed,186,67,1665817275.0
WARROVOTS,5csxww52,14669,22912,1590628468.0
LotrTHGhpDivergent,wewx9vsps,432,447,1710731597.0
chrisdudelydude,zro7p,28263,18233,1469368114.0
CantStopPoppin,173icc,7273981,751273,1492263448.0
Solid_Rock1,7d50cadg,166,213,1631690162.0
bigbusta,70mqq,1161117,659056,1330199642.0
phase_lag,7v2z0gmu,7665,4345,1598471107.0
BegginersByte,16c48d2p1d,15045,2209,1723244946.0
ultron290196,1pjhirh6,208351,125285,1532135731.0
Beerbrewing,e8r9t,467988,53916,1386423611.0
Foreign-Return7859,1eviqz71i3,2,2,1734013811.0
CommercialPublic1778,1qypxmwf5f,2821,3470,1749259514.0
PhoenixFlames1992,eml7ul1z,48709,6925,1633830509.0
cadenswanigan,7467qg67,941,608,1605105037.0
Useful-District-4800,7ng0aqtg,1455,6536,1598481974.0
Haunting_Chemist3904,1ojpqldp9v,20776,43,1746211582.0
SignificantDrawer374,hl5zhw30g,3438,604078,1692033593.0
Vrykule,16rf7r827e,43573,19350,1723781221.0
charlybirbmom,308oynfk,10693,9655,1553658037.0
stannisbaratheonn,x5by8,2578,4961,1460573924.0
KataiiZeher,1g32atrq6i,14133,5948,1735539142.0
Big_Age_889,6a9fjd37,7022,6853,1668416040.0
Pookie2018,12574n4l,4951,62877,1521379335.0
Koparkopar,nbzgcw4,6556,5035,1520914158.0
lfreeman6490,clb988n,747,1077,1580142372.0
EpicKilluaKun,lmf3dfpi,141,14,1656345284.0
pallavima34672,4qwpdmup,1863,46,1570455550.0
badassjoestar69,4le1l303,610,4054,1573463991.0
DrLager,yfby4,1962,92286,1464964495.0
optimalg,d5h4t,176077,147248,1379176310.0
CanOld2445,1gywpzbd4j,2595,8751,1736654737.0
AggravatingNet6666,yg45s10dn,42892,1506,1713295993.0
capnpotassium,1zelgif4,147,172,1534241533.0
WorldNewsMods,glrsi,458761,12957,1400338323.0
thieh,d2mp0,113671,879443,1378744272.0
shylurker681,kye8usggf,2933,5076,1696280775.0
Mint_Perspective,aw7piwh0,1771490,13947,1616899949.0
Keikobad,aeevx,104492,289152,1359429878.0
TheDaemonair,dj60wpbc,235508,69787,1627295623.0
Different_Worth6757,68axdei8,23,12,1607810889.0
RebelHero96,4fzykces,4928,5237,1572753625.0
JoshSp25,zd2ij,7867,4268,1468041963.0
MorningSparrow8,1qpkqts8g5,877,2754,1748939155.0
FearlessClimate3673,1myvylbni2,11588,5796,1744220903.0
Aquamoo,r5e7feh,2298,929,1515370685.0
Zach3697,5yz3jf,176,60,1517887152.0
SeaWolf_1,1l7ikwf43l,69976,6285,1742000811.0
trickytreats,rer7p,3373,11149,1445637299.0
pichow-pichow,5ofdr1yp,5038,3728,1581630355.0
mayukhdas1999,3n6x4m57,196340,30623,1555945482.0
momento______mori,phhke2il,20906,20866,1656763045.0
devilmasterrace,8enivv21,5457,211,1602590246.0
Raytec1,fsyskgec,11255,8415,1690744702.0
juliemiglio,mqv0mo5g,132135,7423,1651775511.0
flyjumper,thwpv,31716,6867,1451981841.0
Zesty_Tease,1m7iiwvy4y,2171,0,1743261856.0
infinitay_,g1x3zw6ju,33528,18913,1690098233.0
maegami_micco,lc61i679n,8414,176,1697138155.0
Bigloser452,4mwzrywi,53,36,1577402075.0
BellisBlueday,4u4vl,35221,15631,1297553732.0
BeAmazed-ModBot,9rewop3xn,1074,95,1683243534.0
LostProblem9144,lgjidy7g,63,-100,1666364047.0
Simonhub91,7sxydnb9,5183,0,1598060435.0
Obvious_Mud_6628,jh6to7um,118,1460,1644891584.0
ninja1234199,bty1o,1827,336,1369721641.0
sexyprimes511172329,us4hr5jcg,35897,25725,1708672365.0
plasma-boii,klfmnctf,441,35,1647025658.0
doopityWoop22,c386jltm4,530529,4077,1689366666.0
bekkytt,7cn2weoo,1127,330,1595281472.0
76erLegendChetUtley,ptnm0biuk,4363,70912,1702487933.0
fenceingmadman,33fsilrw,34345,9004,1548615194.0
Whimsical_Ruins,dwjez672l,196036,1563,1687387600.0
Unlucky-Gold7921,lgev6h1c,47180,4762,1648927661.0
ExactlySorta,3prne0od,7672099,406760,1581102631.0
exophades,hxlz0vsx6,40450,24045,1692470177.0
Fake_Carebear,c3y5phmc0,22,0,1715640263.0
Suteja_Art,8sj5w5by,70187,5752,1606515084.0
Plastic_Ad_6179,9clqvqt3,38642,13363,1608072831.0
VaultDweller837,31m4w4fq,9003,22534,1548042708.0
ahritina,10sbsd,115467,483515,1471871020.0
Matt_LawDT,ddjcpr20,197045,766689,1627475901.0
Additional_Lion_1670,1c571hxkqo,3178,1915,1730569429.0
Amaruq93,qkfuh,641359,257572,1442612938.0
Vilestride-,nr4xo7kn,1357,13347,1653722568.0
SwiftUnban,25mgvr8z,6806,19047,1540841112.0
DanFromTheVilla,66ofqwfu,50399,2583,1586607902.0
Gullible_Hornet_4663,mqngm1w6,481,2620,1651763431.0
THEBNTG,12bbzd,129627,17423,1477178352.0
Autumn1eaves,59e2m7dd,35624,495144,1576788049.0
Arche93,1ju7215aq5,1295,9622,1740273418.0
thelma_edith,2987do5m,32340,32847,1537497452.0
olivier-roets,2zmn0ixc,100,0,1547410082.0
Easy-Swing5166,1qzqvjwp7i,641,1176,1749295439.0
StraightStackin,hj35ujjmz,25713,19613,1691960762.0
Ereloth,66rul5zy,188,518,1586632184.0
Either_Imagination_9,4flevhtp,337059,280378,1593622558.0
Albertooz,13nk62,46732,275,1482024741.0
Full-Cabinet-7099,aqytuyr71,214,195,1683408890.0
Happy_Joke_5715,18jvsxxu8b,521,1788,1728367561.0
HasibTH,12147z7i,311514,3929,1521315780.0
LittleTac0o,114zn8g6dm,24948,3110,1716689762.0
magneticaster,wk8vi1e7g,41528,20450,1710918458.0
terrificall,1ql2e1oydg,72,6,1748781244.0
Scbadiver,11ud6w,193340,65718,1475460489.0
SageTegan,15rc43,26766,158246,1488154891.0
A_Nice_Relaxing_Poo,6i4iz04e,23842,11455,1589734842.0
Das_Lloss,18xohaua17,9407,8752,1726522889.0
ReturnPositive1824,11ork3q0jv,27654,2435,1717382377.0
SensiTive-Reolease,1jzql03qhh,16467,334,1740467274.0
Familiar_Cattle7464,a07sd7sr,11009,1080,1611684660.0
plantsadnshit,s6h2u9gj,11740,101539,1662254444.0
_Perma-Banned_,t8hl6rgo,748,77981,1665400097.0
AndroidOne1,6mjw65d0,124705,16156,1613230848.0
Lumpy-Total-4131,8h5key6n,10435,111,1602686994.0
Magnetinis,uv7zq8bq,81,262,1670599813.0
MazeMouse,6oimz,677,126865,1326752164.0
Siatru,12bsdh,4641,17561,1477237285.0
NewSlinger,ot3039sn5,134295,5795,1701139258.0
No_Opposite_7722,1lqfo260la,884,2774,1742663558.0
Royal-Ad8852,5is24n42e,8606,1430,1676816377.0
titoforyou,w10or7qg,23266,74168,1677475861.0
BabylonianWeeb,1ntvlvlxni,108901,40460,1745306526.0
Alireza1373,p9i7h,3948,2470,1438549770.0
plz-let-me-in,89w7f36w,1154374,272307,1601352988.0
Niyazali_Haneef,pf45zk9,1204530,432564,1514090415.0
Oztravels,4b11i,188105,84291,1283401829.0
TDYDave2,mj14yxw,9298,222608,1515253550.0
Rartofel,95ud44ea,5615,182,1621937731.0
chungi69,cnty0lt1,88867,271,1656500806.0
Packfan1967,swqyuiqfl,141,3216,1706311854.0
LASKO20inchBOXFAN,oimcq,8620,344,1435956918.0
Avareeses,5rofmwmq,58484,18541,1582536319.0
number384759,15mn6h7m,27190,61250,1523089918.0
geosunsetmoth,1018uiy6,294663,76946,1520275246.0
MissionSecurity5895,1hu1b44wom,22459,14928,1737745156.0
FolivoraFabse,1okftta7,6816,1135,1530438790.0
zsreport,avobu,9024452,1232236,1362841819.0
Snoo-8860,77ctr9l7,5061,1307,1594208939.0
gneiss_chick,7iw7pi04,75098,29797,1596377891.0
drjjoyner,avat,65122,23192,1153657555.0
beeni3weeni,1hb38kr5vc,203,84,1737081445.0
notaghostofreddit,82fuqdf70,56843,71084,1680027380.0
Highlevelofdef,e41avk37v,46221,334,1687650160.0
Shoki81,xag54,55109,276809,1461053558.0
tyrion2024,ojnpnf61,1729744,405648,1655096107.0
Bf4Sniper40X,1r0r7cpo,274100,90641,1531306687.0
ActiveBackground2206,1l1ine0ad0,2113,1187,1741790642.0
lolfatpants,9xehrer2,864,0,1611265288.0
LSF-VirtueSignal,1dt03qvcw8,1,2161,1732664407.0
Ok-Worry-8743,177j93gk00,17,274,1724345567.0
Snoozer8642,ec4ezmsy,3173,1670,1630779724.0
hiwhatsupnothing,5xfve,4817,1936,1317060471.0
The-tea-sippers,8560h9xr4,1036,5211,1680122905.0
bwuffy,87qku4bb5,1427,1751,1680213013.0
catfish0112,uf5dybfu,1361,101,1668897920.0
BeneficialNotice7282,ff26w3fb4,1547,723,1689297473.0
untamedlazyeye,gx1fs,256448,208269,1402361297.0
0nly_Ambition,ts4obp074,1,0,1707411147.0
Tomb_Brader,3tsgsgpy,11126,28860,1560099311.0
SolvedLoki98916,9ohjgtwzx,239,1,1730580984.0
rudeus0greyrat,he7ffgvf,2884,121,1639077566.0
vktr_clrvl,sofulf2ob,5992,2408,1706020749.0
c2whatyaknow,a0p0pf73,66,20,1611754562.0
Ly0ncubs,to9n28t1,753,2077,1666805623.0
Certain-Use-3848,pjc7jv5y,1126,4313,1656872641.0
-weew,8nzqg2i3,24747,24243,1603945494.0
jarena009,4w7rpbr7,530079,691410,1572270990.0
Outside_Opening1995,14qadztoi5,410,-1,1721219139.0
Interesting-Wing616,9wg63bos,64466,109466,1611107361.0
TheRealPdGaming,oktr3,1052105,244585,1436206822.0
swift4010,sghkt,16912,16314,1448653405.0
CaptainFiguratively,5keupqrd,9065,28385,1580436610.0
CinemaAndChillLT,3nm0h9nz,210268,35977,1573300789.0
Changamire01,1qwhadvq2s,1480,0,1749181018.0
anotherberniebro1992,axr90x2v,38323,24463,1642396170.0
Body_Languagee,17cyhn,89866,68653,1493024217.0
CheezeNibletz,zbwep,16792,5883,1467930683.0
imposternoclue,ydzrqzqv1,1964,3434,1743858979.0
PhillyBirds1020,1etct8v5e7,10954,5404,1739168858.0
Metamorphoses-007,2vkj89wg,97624,5790,1675228529.0
BlargTheGreat,bybse,232,6013,1370576022.0
obamalbino,8tzvtnuw,1900,5077,1605025420.0
DescriptionKnown823,k87ql4mm,14175,1273,1650600090.0
HolograamHoney,1pktko3oy9,2533,491,1747511558.0
ChibladeWielder,l1t01,6127,3869,1422651104.0
SnoopyScone,frkell2n,32815,22292,1634929781.0
AbiralParajuli,61qx3n5r,2835,15393,1585325663.0
Soul_Sleepwhale,6i3kcot,664902,557,1499573952.0
WhySoWeirdUsername,5zwhrxuc,43486,14050,1584844357.0
Theresafoxinmygarden,ulqrdrs4h,2307,13772,1719501897.0
Independent_Lock864,7ylyojg9,1095,1730,1601581298.0
Haraganeria,13xcnqbsqo,252,31,1720205400.0
Key_Abroad_2209,15t8g1up8g,176,12,1722583558.0
-Ammonia-,1qirivdibm,860,1607,1748702295.0
freudian_nipps,hc9ju,4296893,133826,1405004148.0
_May26_,5ptsdqgr2,262569,29,1677063407.0
Godfatherzozo,m5qws0hc,49422,2121,1650430632.0
theshwa10210,dygkg,38241,139716,1384716319.0
PokeChampMarx,grqmm,298579,99844,1401404336.0
biswajit388,hvtj0sry,174000,4733,1640355342.0
HellDrivers2,wrpy765gw,3817,347,1736584132.0
Various-Goat5976,p35nvaiq4,3,-1,1701491813.0
Ghidorah_Stan_64,8cck5e3wu,47224,2475,1712684358.0
tylerscott5,1608cg,98758,144955,1488939440.0
Early_Opposite_276,vo80p6ol,20,-7,1674616691.0
wishingaction,24rlpg7q,24072,245473,1536036441.0
DavidRolands,bpeg94qc,407358,63127,1619135894.0
awordforthat,b7zfe,17408,11221,1365288970.0
Afraid-Objective3049,1197xs313h,474670,18575,1716837819.0
russ_universe,33zj53dq,108907,14861,1548799232.0
wangjis,5ylloojl,201,1,1584509210.0
CurrentAir1291,172q1fi5oq,28152,9492,1724176984.0
Kooky-Measurement-43,8thvcjr2,140753,19875,1610724363.0
bootseeneverything,1nefmzdo46,702,423,1744765436.0
Plungerfaced,dfscm,4457,148,1381276447.0
TheChickenIsFkinRaw,374g3wjd,198442,725797,1549835716.0
Strong_Barnacle_618,w250omszk,2667,43378,1710284059.0
wafalo,epyz0,370159,18965,1389219980.0
Fadedtoss62,1qzoymz17j,80,-51,1749293564.0
Kandygirlll,ibe89k3z,3230,116,1641500530.0
HalexUwU,5z55evnz,56586,59996,1584661602.0
truth2991,2pwq6rls,9790,245,1543904924.0
battler624,dcvad,5478,133396,1380711915.0
Sri_Acaru,dt86l3q0,2621,789,1630565241.0
ITwerk4Love,g9u1hhg00,171,14,1728150736.0
InteractionCandid226,d5dwzwlg,28222,15116,1626956763.0
FastBreakPhenom,1awpilf2n5,17799,15532,1729011030.0
PM_ME_RAWR,tith3,41073,10487,1452049592.0
LookAtThatBacon,8wmoq,202195,72334,1346807246.0
Deep_Ad_7124,1fxux1j4hp,2370,1712,1739144711.0
Apprehensive_Way8674,alqy6unu,40495,19978,1708129090.0
Financial-Law-7042,1pzlhxl1az,5058,2,1748029108.0
